{
    "name": "§a+ §r§nBlink",
    "description": "While not sneaking, teleport 8 blocks forward, even through walls",
    "condition": {
        "inverted": true,
        "type": "origins:sneaking"
    },
    "type": "origins:active_self",
    "entity_action": {
        "type": "origins:and",
        "actions": [
            {
                "type": "origins:spawn_particles",
                "particle": "minecraft:portal",
                "count": 35,
                "speed": 0.2,
                "offset_y": 1
            },
            {
                "type": "origins:spawn_particles",
                "particle": "minecraft:dragon_breath",
                "count": 10,
                "speed": 0,
                "offset_y": 1
            },
            {
                "type": "origins:play_sound",
                "sound": "minecraft:entity.enderman.teleport",
                "volume": 0.8,
                "pitch": 1
            },
            {
                "type": "origins:execute_command",
                "command": "tp ^ ^ ^8"
            },
            {
                "type": "origins:spawn_particles",
                "particle": "minecraft:portal",
                "count": 35,
                "speed": 0.2,
                "offset_y": 1
            },
            {
                "type": "origins:spawn_particles",
                "particle": "minecraft:dragon_breath",
                "count": 10,
                "speed": 0,
                "offset_y": 1
            },
            {
                "type": "origins:play_sound",
                "sound": "minecraft:entity.enderman.teleport",
                "volume": 1,
                "pitch": 1.1
            },
            {
                "type": "origins:exhaust",
                "amount": 1
            }
        ]
    },
    "cooldown": 100,
    "hud_render": {
        "should_render": true
    },
    "key": {
        "key": "key.origins.primary_active"
    }
}