{
    "name": "Hermit",
    "description": "§0[Underground]§7\nHermits love spending time under low ceilings and in dark areas.",
    "powers": [
        "icosahedron_origins:cave/nightvision",
        "icosahedron_origins:cave/lowspeed",
        "icosahedron_origins:cave/ceiling_climb",
        "icosahedron_origins:cave/stone_fist",
        "icosahedron_origins:cave/dark_cover",
        "icosahedron_origins:spirit/solar_weakness",
        "icosahedron_origins:cave/featherweight",
        "icosahedron_origins:cave/sleep_low"
    ],
    "icon": {
        "item": "minecraft:deepslate"
    },
    "order": 213,
    "impact": 2
}