{
    "name": "Fox",
    "description": "§0[Nimble]§7\nMasters of vertical mobility, Foxes rather run and cause mischeif than fight directly.",
    "powers": [
        "icosahedron_origins:fox/superhop",
        "icosahedron_origins:fox/superhop_charge",
        "icosahedron_origins:fox/superhop_cooldown",
        "icosahedron_origins:fox/superhop_cooling",
        "icosahedron_origins:fox/superhop_leap",
        "icosahedron_origins:fox/superhop_release",
        "icosahedron_origins:fox/superhop_fov",
        "icosahedron_origins:fox/sharp_hearing",
        "icosahedron_origins:fox/rapid_descent",
        "icosahedron_origins:fox/shove",
        "icosahedron_origins:fox/small_stature",
        "icosahedron_origins:fox/cracked_plate",
        "icosahedron_origins:fox/cracked_toughness",
        "icosahedron_origins:fox/flimsy_stance",
        "icosahedron_origins:fox/sleep_high"
    ],
    "icon": {
        "item": "minecraft:rabbit_foot"
    },
    "order": 110,
    "impact": 1
}