{
    "name": "Dryad",
    "description": "§0[Exploration]§7\nDryads swiftly move through dense vegitation, and keep themselves full of energy through photosynthsis.",
    "powers": [
        "icosahedron_origins:plant/grapplevine",
        "icosahedron_origins:plant/plantspeed",
        "icosahedron_origins:plant/leaf_phasing",
        "icosahedron_origins:plant/berry_immune",
        "icosahedron_origins:plant/photovolt",
        "icosahedron_origins:plant/herbicide",
        "icosahedron_origins:plant/sleep_sky"
    ],
    "icon": {
        "item": "minecraft:vine"
    },
    "order": 211,
    "impact": 2
}