{
    "name": "Spark",
    "description": "§0[Agressive]§7\nFire, explosions, chaos. Sparks like to start those and are truly terrifying to fight",
    "powers": [
        "icosahedron_origins:spark/blazing_rage",
        "icosahedron_origins:spark/blazing_rage_particles",
        "icosahedron_origins:spark/blazing_rage_speed",
        "icosahedron_origins:spark/blazing_rage_defense",
        "icosahedron_origins:spark/no_fire_kill",
        "icosahedron_origins:spark/blastball",
        "icosahedron_origins:spark/blastball_charges",
        "icosahedron_origins:spark/blastball_gain",
        "icosahedron_origins:spark/ignition",
        "icosahedron_origins:spark/ignition_atk",
        "icosahedron_origins:spark/blasting",
        "icosahedron_origins:spark/coals",
        "icosahedron_origins:spark/coals_damage",
        "icosahedron_origins:spark/undoused",
        "icosahedron_origins:spark/torch",
        "icosahedron_origins:spark/flimsy_swing",
        "icosahedron_origins:spark/waterlogged",
        "icosahedron_origins:spark/waterlogged_slow",
        "icosahedron_origins:spark/waterlogged_particles",
        "icosahedron_origins:mecha/shock_absorber",
        "icosahedron_origins:mecha/shock_absorber_effect",
        "icosahedron_origins:spark/unfireresist",
        "icosahedron_origins:spark/unfireresist_enchantment",
        "icosahedron_origins:spark/quickfire",
        "icosahedron_origins:spark/soot_particle"
    ],
    "icon": {
        "item": "minecraft:blaze_powder"
    },
    "order": 212,
    "impact": 2
}