{
    "name": "Wayward Spirit",
    "description": "§0[Exploration] [Stealth]§7\nA ghostly figure overstaying in the mortal realm. Being not-quite real has some side effects.",
    "powers": [
        "icosahedron_origins:spirit/float",
        "icosahedron_origins:spirit/float_hover",
        "icosahedron_origins:spirit/float_jump",
        "icosahedron_origins:spirit/jump_amp",
        "icosahedron_origins:doll/fall_immune",
        "icosahedron_origins:spirit/blink",
        "icosahedron_origins:spirit/vanishing",
        "icosahedron_origins:spirit/veil",
        "icosahedron_origins:spirit/solar_weakness",
        "icosahedron_origins:spirit/obliterate",
        "icosahedron_origins:spirit/last_wish",
        "icosahedron_origins:cave/featherweight",
        "icosahedron_origins:spirit/invis_short",
        "icosahedron_origins:spirit/no_step"
    ],
    "icon": {
        "item": "minecraft:soul_lantern"
    },
    "order": 312,
    "impact": 3
}