{
    "name": "§a+ §r§nBlazing Rage",
    "description": "Being on fire increases your defense, damage and speed. Fire hurts less, and can't kill you.",
    "badges": [
        {
            "type": "origins:tooltip",
            "text": "Magma blocks just increase speed",
            "sprite": "origins:textures/gui/badge/info.png"
        }
    ],
    "condition": {
        "type": "origins:on_fire"
    },
    "type": "origins:modify_damage_dealt",
    "modifier": {
        "operation": "multiply_base",
        "value": 0.25,
        "name": "Blazing Rage"
    },
    "target_action": {
        "type": "origins:and",
        "actions": [
            {
                "type": "origins:set_on_fire",
                "duration": 3
            },
            {
                "type": "origins:spawn_particles",
                "particle": "minecraft:flame",
                "count": 20,
                "spread": {
                    "x": 0.5,
                    "y": 1,
                    "z": 0.5
                },
                "offset_y": 1
            }
        ]
    }
}