{
    "name": "§c- §r§nHydrophobia",
    "description": "Take damage while in contact with water.",
    "badges": [
        {
            "type": "origins:tooltip",
            "text": "Water Breathing or Shield Bubble protects you",
            "sprite": "origins:textures/gui/badge/info.png"
        }
    ],
    "condition": {
        "type": "origins:and",
        "conditions": [
            {
                "type": "origins:or",
                "conditions": [
                    {
                        "type": "origins:fluid_height",
                        "fluid": "minecraft:water",
                        "comparison": ">",
                        "compare_to": 0
                    },
                    {
                        "type": "origins:in_rain"
                    }
                ]
            },
            {
                "inverted": true,
                "type": "origins:status_effect",
                "effect": "minecraft:water_breathing"
            },
            {
                "inverted": true,
                "type": "origins:power_active",
                "power": "icosahedron_origins:mecha/shield_toggle"
            }
        ]
    },
    "type": "origins:damage_over_time",
    "interval": 30,
    "onset_delay": 5,
    "damage": 2,
    "damage_easy": 1,
    "damage_type": "origins:hurt_by_water",
    "protection_enchantment": "origins:water_protection",
    "protection_effectiveness": 1
}