{
    "name": "§a+ §r§nMomentum",
    "description": "The longer you sprint, the faster you go",
    "badges": [
        {
            "type": "origins:tooltip",
            "text": "Signifigantly increased knockback at high speeds",
            "sprite": "origins:textures/gui/badge/info.png"
        }
    ],
    "type": "origins:multiple",
    "resource": {
        "type": "origins:resource",
        "min": 0,
        "max": 28
    },
    "gain": {
        "type": "origins:action_over_time",
        "interval": 5,
        "entity_action": {
            "type": "origins:if_else",
            "condition": {
                "type": "origins:sprinting"
            },
            "if_action": {
                "type": "origins:change_resource",
                "resource": "icosahedron_origins:mecha/momentum_resource",
                "change": 1,
                "operation": "add"
            },
            "else_action": {
                "type": "origins:change_resource",
                "resource": "icosahedron_origins:mecha/momentum_resource",
                "change": -3,
                "operation": "add"
            }
        }
    },
    "speed_1": {
        "condition": {
            "type": "origins:resource",
            "resource": "icosahedron_origins:mecha/momentum_resource",
            "comparison": ">=",
            "compare_to": 4
        },
        "type": "origins:conditioned_attribute",
        "modifier": {
            "attribute": "minecraft:generic.movement_speed",
            "operation": "multiply_total",
            "value": 0.06,
            "name": "Momentum I"
        },
        "tick_rate": 5,
        "update_health": false
    },
    "speed_2": {
        "condition": {
            "type": "origins:resource",
            "resource": "icosahedron_origins:mecha/momentum_resource",
            "comparison": ">=",
            "compare_to": 8
        },
        "type": "origins:conditioned_attribute",
        "modifier": {
            "attribute": "minecraft:generic.movement_speed",
            "operation": "multiply_total",
            "value": 0.06,
            "name": "Momentum II"
        },
        "tick_rate": 5,
        "update_health": false
    },
    "speed_3": {
        "condition": {
            "type": "origins:resource",
            "resource": "icosahedron_origins:mecha/momentum_resource",
            "comparison": ">=",
            "compare_to": 12
        },
        "type": "origins:conditioned_attribute",
        "modifier": {
            "attribute": "minecraft:generic.movement_speed",
            "operation": "multiply_total",
            "value": 0.06,
            "name": "Momentum III"
        },
        "tick_rate": 5,
        "update_health": false
    },
    "speed_4": {
        "condition": {
            "type": "origins:resource",
            "resource": "icosahedron_origins:mecha/momentum_resource",
            "comparison": ">=",
            "compare_to": 16
        },
        "type": "origins:conditioned_attribute",
        "modifier": {
            "attribute": "minecraft:generic.movement_speed",
            "operation": "multiply_total",
            "value": 0.06,
            "name": "Momentum IV"
        },
        "tick_rate": 5,
        "update_health": false
    },
    "speed_5": {
        "condition": {
            "type": "origins:resource",
            "resource": "icosahedron_origins:mecha/momentum_resource",
            "comparison": ">=",
            "compare_to": 20
        },
        "type": "origins:conditioned_attribute",
        "modifier": {
            "attribute": "minecraft:generic.movement_speed",
            "operation": "multiply_total",
            "value": 0.06,
            "name": "Momentum IV"
        },
        "tick_rate": 5,
        "update_health": false
    },
    "speed_6": {
        "condition": {
            "type": "origins:resource",
            "resource": "icosahedron_origins:mecha/momentum_resource",
            "comparison": ">=",
            "compare_to": 24
        },
        "type": "origins:conditioned_attribute",
        "modifier": {
            "attribute": "minecraft:generic.movement_speed",
            "operation": "multiply_total",
            "value": 0.06,
            "name": "Momentum VI"
        },
        "tick_rate": 5,
        "update_health": false
    },
    "speed_7": {
        "condition": {
            "type": "origins:resource",
            "resource": "icosahedron_origins:mecha/momentum_resource",
            "comparison": ">=",
            "compare_to": 28
        },
        "type": "origins:conditioned_attribute",
        "modifier": {
            "attribute": "minecraft:generic.movement_speed",
            "operation": "multiply_total",
            "value": 0.07,
            "name": "Momentum VII"
        },
        "tick_rate": 5,
        "update_health": false
    },
    "kick": {
        "condition": {
            "type": "origins:sprinting"
        },
        "type": "origins:action_on_hit",
        "bientity_action": {
            "type": "origins:if_else_list",
            "actions": [
                {
                    "condition": {
                        "type": "origins:actor_condition",
                        "condition": {
                            "type": "origins:resource",
                            "resource": "icosahedron_origins:mecha/momentum_resource",
                            "comparison": ">=",
                            "compare_to": 4
                        }
                    },
                    "action": {
                        "type": "origins:add_velocity",
                        "y": 0.05,
                        "z": 0.4,
                        "client": true,
                        "server": true
                    }
                },
                {
                    "condition": {
                        "type": "origins:actor_condition",
                        "condition": {
                            "type": "origins:resource",
                            "resource": "icosahedron_origins:mecha/momentum_resource",
                            "comparison": ">=",
                            "compare_to": 8
                        }
                    },
                    "action": {
                        "type": "origins:add_velocity",
                        "y": 0.05,
                        "z": 0.6,
                        "client": true,
                        "server": true
                    }
                },
                {
                    "condition": {
                        "type": "origins:actor_condition",
                        "condition": {
                            "type": "origins:resource",
                            "resource": "icosahedron_origins:mecha/momentum_resource",
                            "comparison": ">=",
                            "compare_to": 12
                        }
                    },
                    "action": {
                        "type": "origins:add_velocity",
                        "y": 0.05,
                        "z": 0.8,
                        "client": true,
                        "server": true
                    }
                },
                {
                    "condition": {
                        "type": "origins:actor_condition",
                        "condition": {
                            "type": "origins:resource",
                            "resource": "icosahedron_origins:mecha/momentum_resource",
                            "comparison": ">=",
                            "compare_to": 16
                        }
                    },
                    "action": {
                        "type": "origins:add_velocity",
                        "y": 0.1,
                        "z": 1.1,
                        "client": true,
                        "server": true
                    }
                },
                {
                    "condition": {
                        "type": "origins:actor_condition",
                        "condition": {
                            "type": "origins:resource",
                            "resource": "icosahedron_origins:mecha/momentum_resource",
                            "comparison": ">=",
                            "compare_to": 24
                        }
                    },
                    "action": {
                        "type": "origins:add_velocity",
                        "y": 0.1,
                        "z": 1.5,
                        "client": true,
                        "server": true
                    }
                },
                {
                    "condition": {
                        "type": "origins:actor_condition",
                        "condition": {
                            "type": "origins:resource",
                            "resource": "icosahedron_origins:mecha/momentum_resource",
                            "comparison": ">=",
                            "compare_to": 28
                        }
                    },
                    "action": {
                        "type": "origins:add_velocity",
                        "y": 0.15,
                        "z": 2,
                        "client": true,
                        "server": true
                    }
                }
            ]
        },
        "bientity_condition": {
            "type": "origins:distance",
            "comparison": "<=",
            "compare_to": 5
        },
        "cooldown": 1
    }
}