{
    "name": "§a+ §r§nShield Bubble",
    "description": "Near invincible while active, recharges via hunger while not in use.",
    "type": "origins:multiple",
    "resource": {
        "type": "origins:resource",
        "min": 0,
        "max": 150,
        "start_value": 150,
        "hud_render": {
            "should_render": true,
            "sprite_location": "origins:textures/gui/community/spiderkolo/resource_bar_02.png",
            "condition": {
                "type": "origins:constant",
                "value": true
            }
        },
        "min_action": {
            "type": "origins:toggle",
            "power": "icosahedron_origins:mecha/shield_toggle"
        }
    },
    "toggle": {
        "condition": {
            "type": "origins:resource",
            "resource": "icosahedron_origins:mecha/shield_resource",
            "comparison": ">=",
            "compare_to": 10
        },
        "type": "origins:toggle",
        "active_by_default": false,
        "key": {
            "key": "key.origins.primary_active"
        },
        "retain_state": false
    },
    "modify": {
        "type": "origins:action_over_time",
        "interval": 20,
        "entity_action": {
            "type": "origins:if_else",
            "condition": {
                "type": "origins:power_active",
                "power": "icosahedron_origins:mecha/shield_toggle"
            },
            "if_action": {
                "type": "origins:change_resource",
                "resource": "icosahedron_origins:mecha/shield_resource",
                "change": -5,
                "operation": "add"
            },
            "else_action": {
                "type": "origins:if_else",
                "condition": {
                    "type": "origins:food_level",
                    "comparison": ">=",
                    "compare_to": 6
                },
                "if_action": {
                    "type": "origins:and",
                    "actions": [
                        {
                            "type": "origins:exhaust",
                            "amount": 0.1
                        },
                        {
                            "type": "origins:change_resource",
                            "resource": "icosahedron_origins:mecha/shield_resource",
                            "change": 1,
                            "operation": "add"
                        }
                    ]
                }
            }
        }
    },
    "protect": {
        "condition": {
            "type": "origins:power_active",
            "power": "icosahedron_origins:mecha/shield_toggle"
        },
        "type": "origins:modify_damage_taken",
        "modifier": {
            "operation": "multiply_total",
            "value": -0.99,
            "name": "Shield Protection"
        },
        "self_action": {
            "type": "origins:and",
            "actions": [
                {
                    "type": "origins:spawn_particles",
                    "particle": "minecraft:electric_spark",
                    "count": 16,
                    "speed": 0.1,
                    "spread": {
                        "x": 0.5,
                        "y": 0.75,
                        "z": 0.5
                    },
                    "offset_y": 1
                },
                {
                    "type": "origins:exhaust",
                    "amount": 0.3
                },
                {
                    "type": "origins:change_resource",
                    "resource": "icosahedron_origins:mecha/shield_resource",
                    "change": -5,
                    "operation": "add"
                }
            ]
        },
        "damage_armor_condition": {
            "type": "origins:constant",
            "value": false
        }
    },
    "glow_resource": {
        "type": "origins:resource",
        "min": 0,
        "max": 7,
        "max_action": {
            "type": "origins:set_resource",
            "resource": "icosahedron_origins:mecha/shield_glow_resource",
            "value": 1
        }
    },
    "glow_1": {
        "condition": {
            "type": "origins:and",
            "conditions": [
                {
                    "type": "origins:power_active",
                    "power": "icosahedron_origins:mecha/shield_toggle"
                },
                {
                    "type": "origins:resource",
                    "resource": "icosahedron_origins:mecha/shield_glow_resource",
                    "comparison": "==",
                    "compare_to": 1
                }
            ]
        },
        "type": "origins:self_glow",
        "use_teams": false,
        "green": 0,
        "blue": 0
    },
    "fire": {
        "condition": {
            "type": "origins:power_active",
            "power": "icosahedron_origins:mecha/shield_toggle"
        },
        "type": "origins:stacking_status_effect",
        "min_stacks": 0,
        "max_stacks": 1,
        "duration_per_stack": 12,
        "tick_rate": 10,
        "effect": {
            "effect": "minecraft:fire_resistance",
            "duration": 12,
            "amplifier": 0,
            "is_ambient": true,
            "show_particles": true,
            "show_icon": true
        }
    },
    "glow_2": {
        "condition": {
            "type": "origins:and",
            "conditions": [
                {
                    "type": "origins:power_active",
                    "power": "icosahedron_origins:mecha/shield_toggle"
                },
                {
                    "type": "origins:resource",
                    "resource": "icosahedron_origins:mecha/shield_glow_resource",
                    "comparison": "==",
                    "compare_to": 2
                }
            ]
        },
        "type": "origins:self_glow",
        "use_teams": false,
        "blue": 0
    },
    "glow_3": {
        "condition": {
            "type": "origins:and",
            "conditions": [
                {
                    "type": "origins:power_active",
                    "power": "icosahedron_origins:mecha/shield_toggle"
                },
                {
                    "type": "origins:resource",
                    "resource": "icosahedron_origins:mecha/shield_glow_resource",
                    "comparison": "==",
                    "compare_to": 3
                }
            ]
        },
        "type": "origins:self_glow",
        "use_teams": false,
        "red": 0,
        "blue": 0
    },
    "glow_4": {
        "condition": {
            "type": "origins:and",
            "conditions": [
                {
                    "type": "origins:power_active",
                    "power": "icosahedron_origins:mecha/shield_toggle"
                },
                {
                    "type": "origins:resource",
                    "resource": "icosahedron_origins:mecha/shield_glow_resource",
                    "comparison": "==",
                    "compare_to": 4
                }
            ]
        },
        "type": "origins:self_glow",
        "use_teams": false,
        "red": 0
    },
    "glow_5": {
        "condition": {
            "type": "origins:and",
            "conditions": [
                {
                    "type": "origins:power_active",
                    "power": "icosahedron_origins:mecha/shield_toggle"
                },
                {
                    "type": "origins:resource",
                    "resource": "icosahedron_origins:mecha/shield_glow_resource",
                    "comparison": "==",
                    "compare_to": 5
                }
            ]
        },
        "type": "origins:self_glow",
        "use_teams": false,
        "red": 0,
        "green": 0
    },
    "glow_6": {
        "condition": {
            "type": "origins:and",
            "conditions": [
                {
                    "type": "origins:power_active",
                    "power": "icosahedron_origins:mecha/shield_toggle"
                },
                {
                    "type": "origins:resource",
                    "resource": "icosahedron_origins:mecha/shield_glow_resource",
                    "comparison": "==",
                    "compare_to": 6
                }
            ]
        },
        "type": "origins:self_glow",
        "use_teams": false,
        "green": 0
    },
    "glow_increase": {
        "condition": {
            "type": "origins:power_active",
            "power": "icosahedron_origins:mecha/shield_toggle"
        },
        "type": "origins:action_over_time",
        "interval": 2,
        "entity_action": {
            "type": "origins:change_resource",
            "resource": "icosahedron_origins:mecha/shield_glow_resource",
            "change": 1,
            "operation": "add"
        },
        "falling_action": {
            "type": "origins:set_resource",
            "resource": "icosahedron_origins:mecha/shield_glow_resource",
            "value": 0
        }
    },
    "overlay": {
        "condition": {
            "type": "origins:power_active",
            "power": "icosahedron_origins:mecha/shield_toggle"
        },
        "type": "origins:overlay",
        "texture": "minecraft:textures/misc/nausea.png",
        "strength": 0.8,
        "red": 0.1,
        "green": 0.2,
        "blue": 0.6,
        "draw_mode": "nausea",
        "draw_phase": "above_hud",
        "hide_with_hud": true,
        "visible_in_third_person": false
    }
}