{
    "hidden": true,
    "type": "origins:modify_damage_taken",
    "damage_condition": {
        "type": "origins:and",
        "conditions": [
            {
                "type": "origins:or",
                "conditions": [
                    {
                        "type": "origins:in_tag",
                        "tag": "minecraft:is_fall"
                    },
                    {
                        "type": "origins:name",
                        "name": "flyIntoWall"
                    }
                ]
            },
            {
                "type": "origins:amount",
                "comparison": ">=",
                "compare_to": 4
            }
        ]
    },
    "self_action": {
        "type": "origins:apply_effect",
        "effects": [
            {
                "effect": "minecraft:weakness",
                "duration": 120,
                "amplifier": 1,
                "show_particles": true,
                "show_icon": true
            },
            {
                "effect": "minecraft:slowness",
                "duration": 120,
                "amplifier": 1,
                "show_particles": true,
                "show_icon": true
            },
            {
                "effect": "minecraft:mining_fatigue",
                "duration": 120,
                "amplifier": 0,
                "show_particles": true,
                "show_icon": true
            }
        ]
    }
}