{
    "name": "§7o §r§nSturdy",
    "description": "Your rigid body has increased max health and defense, but regenerates health much slower",
    "type": "origins:attribute",
    "modifiers": [
        {
            "attribute": "minecraft:generic.max_health",
            "operation": "addition",
            "value": 6,
            "name": "Sturdy Bonus"
        },
        {
            "attribute": "minecraft:generic.armor",
            "operation": "addition",
            "value": 3,
            "name": "Sturdy Bonus"
        },
        {
            "attribute": "minecraft:generic.armor_toughness",
            "operation": "addition",
            "value": 1,
            "name": "Sturdy Bonus"
        }
    ],
    "update_health": true
}