{
    "hidden": true,
    "condition": {
        "type": "origins:and",
        "conditions": [
            {
                "type": "origins:relative_health",
                "comparison": "<",
                "compare_to": 1
            },
            {
                "type": "origins:food_level",
                "comparison": ">=",
                "compare_to": 18
            }
        ]
    },
    "type": "origins:action_over_time",
    "interval": 240,
    "entity_action": {
        "type": "origins:and",
        "actions": [
            {
                "type": "origins:heal",
                "amount": 1
            },
            {
                "type": "origins:exhaust",
                "amount": 6
            }
        ]
    }
}