{
    "hidden": true,
    "condition": {
        "type": "origins:or",
        "conditions": [
            {
                "type": "origins:in_rain"
            },
            {
                "type": "origins:fluid_height",
                "fluid": "minecraft:water",
                "comparison": ">=",
                "compare_to": 0.1
            }
        ]
    },
    "type": "origins:action_on_item_use",
    "entity_action": {
        "type": "origins:and",
        "actions": [
            {
                "type": "origins:spawn_particles",
                "particle": "minecraft:glow",
                "count": 8,
                "speed": 0.2,
                "spread": {
                    "x": 0.2,
                    "y": 0.2,
                    "z": 0.2
                },
                "offset_y": 0.8
            },
            {
                "type": "origins:play_sound",
                "sound": "minecraft:item.bucket.empty",
                "volume": 1,
                "pitch": 1.2
            }
        ]
    },
    "item_condition": {
        "type": "origins:ingredient",
        "ingredient": {
            "tag": "origins:ranged_weapons"
        }
    },
    "trigger": "stop",
    "priority": 0
}