{
    "hidden": true,
    "condition": {
        "type": "origins:and",
        "conditions": [
            {
                "inverted": true,
                "type": "origins:sneaking"
            },
            {
                "type": "origins:fluid_height",
                "fluid": "minecraft:water",
                "comparison": "<=",
                "compare_to": 0.5
            },
            {
                "type": "origins:resource",
                "resource": "icosahedron_origins:seaborn/fallwater",
                "comparison": "==",
                "compare_to": 0
            }
        ]
    },
    "type": "origins:walk_on_fluid",
    "fluid": "minecraft:water"
}