{
    "name": "§a+ §r§nTidal Arrow",
    "description": "The tides flow with your ranged attacks and boost their damage.",
    "condition": {
        "type": "origins:or",
        "conditions": [
            {
                "type": "origins:fluid_height",
                "fluid": "minecraft:water",
                "comparison": ">=",
                "compare_to": 0.1
            },
            {
                "type": "origins:in_rain"
            }
        ]
    },
    "type": "origins:modify_projectile_damage",
    "modifier": {
        "operation": "multiply_base",
        "value": 0.2,
        "name": "Wet Bow Bonus"
    }
}