{
    "order": 0,
    "origins": [
        "origins:human",
        "icosahedron_origins:seaborn",
        "icosahedron_origins:standard_bearer",
        "icosahedron_origins:fox",
        "icosahedron_origins:spark",
        "icosahedron_origins:mecha",
        "icosahedron_origins:doll",
        "icosahedron_origins:spirit",
        "icosahedron_origins:plant",
        "icosahedron_origins:cave",
        "icosahedron_origins:blood",
        "icosahedron_origins:food",
        "icosahedron_origins:haul",
        "icosahedron_origins:feline",
        "icosahedron_origins:arachnid",
        "icosahedron_origins:phantom",
        "icosahedron_origins:ribbit"
    ],
    "enabled": true,
    "replace": true,
    "allow_random": true,
    "exclude_random": [
        "origins:human"
    ]
}