{
    "name": "§a+ §r§nRapid Descent",
    "description": "You fall faster and take signifigantly less fall damage.",
    "condition": {
        "type": "origins:fall_distance",
        "comparison": ">",
        "compare_to": 2
    },
    "type": "origins:conditioned_attribute",
    "modifier": {
        "attribute": "forge:entity_gravity",
        "operation": "multiply_base",
        "value": 0.8,
        "name": "Rapid Descent Bonus"
    },
    "tick_rate": 2,
    "update_health": false
}