{
    "name": "§a+ §r§nSharp Hearing",
    "description": "Sense entities through walls",
    "type": "origins:entity_glow",
    "bientity_condition": {
        "type": "origins:and",
        "conditions": [
            {
                "type": "origins:distance",
                "comparison": "<=",
                "compare_to": 16
            },
            {
                "inverted": true,
                "type": "origins:can_see"
            },
            {
                "type": "origins:target_condition",
                "condition": {
                    "type": "origins:and",
                    "conditions": [
                        {
                            "inverted": true,
                            "type": "origins:sneaking"
                        },
                        {
                            "type": "origins:living"
                        }
                    ]
                }
            }
        ]
    },
    "use_teams": true,
    "red": 0.2,
    "green": 0.2,
    "blue": 0.2
}