{
    "hidden": true,
    "type": "origins:resource",
    "min": 0,
    "max": 70,
    "start_value": 0,
    "hud_render": {
        "should_render": true,
        "sprite_location": "origins:textures/gui/community/huang/resource_bar_01.png",
        "bar_index": 3
    },
    "min_action": {
        "type": "origins:and",
        "actions": [
            {
                "type": "origins:play_sound",
                "sound": "minecraft:item.trident.return",
                "volume": 0.8,
                "pitch": 2
            },
            {
                "type": "origins:play_sound",
                "sound": "minecraft:entity.armor_stand.fall",
                "volume": 0.8,
                "pitch": 0.6
            }
        ]
    }
}