{
    "hidden": true,
    "condition": {
        "type": "origins:and",
        "conditions": [
            {
                "type": "origins:resource",
                "resource": "icosahedron_origins:fox/superhop_cooldown",
                "comparison": "==",
                "compare_to": 0
            },
            {
                "type": "origins:resource",
                "resource": "icosahedron_origins:fox/superhop_charge",
                "comparison": ">=",
                "compare_to": 7
            }
        ]
    },
    "type": "origins:action_over_time",
    "interval": 1,
    "rising_action": {
        "type": "origins:and",
        "actions": [
            {
                "type": "origins:if_else_list",
                "actions": [
                    {
                        "condition": {
                            "type": "origins:resource",
                            "resource": "icosahedron_origins:fox/superhop_charge",
                            "comparison": "==",
                            "compare_to": 70
                        },
                        "action": {
                            "type": "origins:and",
                            "actions": [
                                {
                                    "type": "origins:change_resource",
                                    "resource": "icosahedron_origins:fox/superhop_cooldown",
                                    "change": 0,
                                    "operation": "set"
                                },
                                {
                                    "type": "origins:add_velocity",
                                    "y": 2,
                                    "space": "world",
                                    "client": true,
                                    "server": true
                                }
                            ]
                        }
                    },
                    {
                        "condition": {
                            "type": "origins:resource",
                            "resource": "icosahedron_origins:fox/superhop_charge",
                            "comparison": ">=",
                            "compare_to": 60
                        },
                        "action": {
                            "type": "origins:and",
                            "actions": [
                                {
                                    "type": "origins:change_resource",
                                    "resource": "icosahedron_origins:fox/superhop_cooldown",
                                    "change": 0,
                                    "operation": "set"
                                },
                                {
                                    "type": "origins:add_velocity",
                                    "y": 1.8,
                                    "space": "world",
                                    "client": true,
                                    "server": true
                                }
                            ]
                        }
                    },
                    {
                        "condition": {
                            "type": "origins:resource",
                            "resource": "icosahedron_origins:fox/superhop_charge",
                            "comparison": ">=",
                            "compare_to": 50
                        },
                        "action": {
                            "type": "origins:and",
                            "actions": [
                                {
                                    "type": "origins:change_resource",
                                    "resource": "icosahedron_origins:fox/superhop_cooldown",
                                    "change": 0,
                                    "operation": "set"
                                },
                                {
                                    "type": "origins:add_velocity",
                                    "y": 1.6,
                                    "space": "world",
                                    "client": true,
                                    "server": true
                                }
                            ]
                        }
                    },
                    {
                        "condition": {
                            "type": "origins:resource",
                            "resource": "icosahedron_origins:fox/superhop_charge",
                            "comparison": ">=",
                            "compare_to": 40
                        },
                        "action": {
                            "type": "origins:and",
                            "actions": [
                                {
                                    "type": "origins:change_resource",
                                    "resource": "icosahedron_origins:fox/superhop_cooldown",
                                    "change": 0,
                                    "operation": "set"
                                },
                                {
                                    "type": "origins:add_velocity",
                                    "y": 1.4,
                                    "space": "world",
                                    "client": true,
                                    "server": true
                                }
                            ]
                        }
                    },
                    {
                        "condition": {
                            "type": "origins:resource",
                            "resource": "icosahedron_origins:fox/superhop_charge",
                            "comparison": ">=",
                            "compare_to": 30
                        },
                        "action": {
                            "type": "origins:and",
                            "actions": [
                                {
                                    "type": "origins:change_resource",
                                    "resource": "icosahedron_origins:fox/superhop_cooldown",
                                    "change": 0,
                                    "operation": "set"
                                },
                                {
                                    "type": "origins:add_velocity",
                                    "y": 1.2,
                                    "space": "world",
                                    "client": true,
                                    "server": true
                                }
                            ]
                        }
                    },
                    {
                        "condition": {
                            "type": "origins:resource",
                            "resource": "icosahedron_origins:fox/superhop_charge",
                            "comparison": ">=",
                            "compare_to": 20
                        },
                        "action": {
                            "type": "origins:and",
                            "actions": [
                                {
                                    "type": "origins:change_resource",
                                    "resource": "icosahedron_origins:fox/superhop_cooldown",
                                    "change": 0,
                                    "operation": "set"
                                },
                                {
                                    "type": "origins:add_velocity",
                                    "y": 1,
                                    "space": "world",
                                    "client": true,
                                    "server": true
                                }
                            ]
                        }
                    },
                    {
                        "condition": {
                            "type": "origins:resource",
                            "resource": "icosahedron_origins:fox/superhop_charge",
                            "comparison": ">=",
                            "compare_to": 10
                        },
                        "action": {
                            "type": "origins:and",
                            "actions": [
                                {
                                    "type": "origins:change_resource",
                                    "resource": "icosahedron_origins:fox/superhop_cooldown",
                                    "change": 0,
                                    "operation": "set"
                                },
                                {
                                    "type": "origins:add_velocity",
                                    "y": 0.75,
                                    "space": "world",
                                    "client": true,
                                    "server": true
                                }
                            ]
                        }
                    },
                    {
                        "condition": {
                            "type": "origins:constant",
                            "value": true
                        },
                        "action": {
                            "type": "origins:and",
                            "actions": [
                                {
                                    "type": "origins:change_resource",
                                    "resource": "icosahedron_origins:fox/superhop_cooldown",
                                    "change": 0,
                                    "operation": "set"
                                },
                                {
                                    "type": "origins:add_velocity",
                                    "y": 0.5,
                                    "space": "world",
                                    "client": true,
                                    "server": true
                                }
                            ]
                        }
                    }
                ]
            },
            {
                "type": "origins:play_sound",
                "sound": "minecraft:entity.snowball.throw",
                "volume": 1,
                "pitch": 1.2
            },
            {
                "type": "origins:play_sound",
                "sound": "minecraft:item.trident.riptide_1",
                "volume": 1,
                "pitch": 1.5
            }
        ]
    }
}