{
    "name": "§c- §r§nCracked Armour",
    "description": "Armour is less effective",
    "condition": {
        "type": "origins:attribute",
        "attribute": "minecraft:generic.armor",
        "comparison": ">=",
        "compare_to": 2
    },
    "type": "origins:conditioned_attribute",
    "modifier": {
        "attribute": "minecraft:generic.armor",
        "operation": "multiply_base",
        "value": -0.15,
        "name": "Cracked Armour"
    },
    "tick_rate": 20,
    "update_health": false
}