{
    "name": "§c- §r§nFlimsy Stance",
    "description": "Getting hit slows and weakens you momentarily.",
    "type": "origins:action_when_hit",
    "bientity_action": {
        "type": "origins:target_action",
        "action": {
            "type": "origins:and",
            "actions": [
                {
                    "type": "origins:apply_effect",
                    "effects": [
                        {
                            "effect": "minecraft:slowness",
                            "duration": 30,
                            "amplifier": 0,
                            "show_particles": true,
                            "show_icon": true
                        },
                        {
                            "effect": "minecraft:weakness",
                            "duration": 40,
                            "amplifier": 0,
                            "show_particles": true,
                            "show_icon": true
                        }
                    ]
                }
            ]
        }
    },
    "cooldown": 1
}