{
    "name": "§a+ §r§nTerminal Velocity",
    "description": "You fall faster and take signifigantly less fall damage. Great falls hurt nearby entities.",
    "type": "origins:multiple",
    "gravity": {
        "condition": {
            "type": "origins:fall_distance",
            "comparison": ">",
            "compare_to": 2
        },
        "type": "origins:conditioned_attribute",
        "modifier": {
            "attribute": "forge:entity_gravity",
            "operation": "multiply_base",
            "value": 0.8,
            "name": "Rapid Descent Bonus"
        },
        "tick_rate": 2,
        "update_health": false
    },
    "resist": {
        "type": "origins:modify_damage_taken",
        "damage_condition": {
            "type": "origins:name",
            "name": "fall"
        },
        "modifier": {
            "operation": "multiply_total",
            "value": -0.8,
            "name": "Rapid Descent Bonus"
        }
    },
    "damage": {
        "type": "origins:action_on_land",
        "entity_action": {
            "type": "origins:if_else_list",
            "actions": [
                {
                    "condition": {
                        "type": "origins:fall_distance",
                        "comparison": ">=",
                        "compare_to": 12
                    },
                    "action": {
                        "type": "origins:and",
                        "actions": [
                            {
                                "type": "origins:spawn_particles",
                                "particle": "minecraft:campfire_cosy_smoke",
                                "count": 18,
                                "speed": 0.4,
                                "spread": {
                                    "x": 5,
                                    "y": 0.25,
                                    "z": 5
                                }
                            },
                            {
                                "type": "origins:area_of_effect",
                                "radius": 5,
                                "bientity_condition": {
                                    "type": "origins:can_see"
                                },
                                "bientity_action": {
                                    "type": "origins:and",
                                    "actions": [
                                        {
                                            "type": "origins:damage",
                                            "amount": 5,
                                            "damage_type": "minecraft:fall"
                                        },
                                        {
                                            "type": "origins:add_velocity",
                                            "y": 1,
                                            "z": 0.25,
                                            "client": true,
                                            "server": true
                                        }
                                    ]
                                }
                            }
                        ]
                    }
                },
                {
                    "condition": {
                        "type": "origins:fall_distance",
                        "comparison": ">=",
                        "compare_to": 6
                    },
                    "action": {
                        "type": "origins:and",
                        "actions": [
                            {
                                "type": "origins:spawn_particles",
                                "particle": "minecraft:campfire_cosy_smoke",
                                "count": 13,
                                "speed": 0.35,
                                "spread": {
                                    "x": 4,
                                    "y": 0.25,
                                    "z": 4
                                }
                            },
                            {
                                "type": "origins:area_of_effect",
                                "radius": 4,
                                "bientity_condition": {
                                    "type": "origins:can_see"
                                },
                                "bientity_action": {
                                    "type": "origins:and",
                                    "actions": [
                                        {
                                            "type": "origins:damage",
                                            "amount": 4,
                                            "damage_type": "minecraft:fall"
                                        },
                                        {
                                            "type": "origins:add_velocity",
                                            "y": 0.7,
                                            "z": 0.25,
                                            "client": true,
                                            "server": true
                                        }
                                    ]
                                }
                            }
                        ]
                    }
                },
                {
                    "condition": {
                        "type": "origins:fall_distance",
                        "comparison": ">=",
                        "compare_to": 4
                    },
                    "action": {
                        "type": "origins:and",
                        "actions": [
                            {
                                "type": "origins:spawn_particles",
                                "particle": "minecraft:campfire_cosy_smoke",
                                "count": 9,
                                "speed": 0.2,
                                "spread": {
                                    "x": 4,
                                    "y": 0.25,
                                    "z": 4
                                }
                            },
                            {
                                "type": "origins:area_of_effect",
                                "radius": 4,
                                "bientity_condition": {
                                    "type": "origins:can_see"
                                },
                                "bientity_action": {
                                    "type": "origins:and",
                                    "actions": [
                                        {
                                            "type": "origins:damage",
                                            "amount": 3,
                                            "damage_type": "minecraft:fall"
                                        },
                                        {
                                            "type": "origins:add_velocity",
                                            "y": 0.5,
                                            "z": 0.2,
                                            "client": true,
                                            "server": true
                                        }
                                    ]
                                }
                            }
                        ]
                    }
                }
            ]
        }
    }
}