{
    "hidden": true,
    "condition": {
        "type": "origins:resource",
        "resource": "icosahedron_origins:fox/superhop_cooldown",
        "comparison": "!=",
        "compare_to": 0
    },
    "type": "apugli:modify_fov",
    "modifier": {
        "operation": "multiply_base_multiplicative",
        "value": 0.006,
        "modifier": {
            "name": "Additional FOV from stored resource",
            "operation": "multiply_total_multiplicative",
            "value": 0,
            "resource": "icosahedron_origins:fox/superhop_charge"
        }
    },
    "change_divisor": 8
}