{
    "name": "§a+ §r§nOvercharge",
    "description": "As long as your hunger bar is full, you gain increased movement speed, damage and mining speed.",
    "condition": {
        "type": "origins:food_level",
        "comparison": ">=",
        "compare_to": 20
    },
    "type": "origins:conditioned_attribute",
    "modifier": {
        "attribute": "minecraft:generic.movement_speed",
        "operation": "multiply_base",
        "value": 0.05,
        "name": "Overcharge Bonus"
    },
    "tick_rate": 20,
    "update_health": true
}