{
    "name": "Vault",
    "description": "Launches you foward and up.",
    "type": "origins:active_self",
    "entity_action": {
        "type": "origins:add_velocity",
        "y": 3,
        "z": 4,
        "space": "local_horizontal_normalized",
        "client": true,
        "server": true
    },
    "cooldown": 600,
    "hud_render": {
        "should_render": true,
        "sprite_location": "origins:textures/gui/resource_bar.png",
        "bar_index": 2
    },
    "key": {
        "key": "key.origins.primary_active"
    }
}