{
    "name": "§a+ §r§nInspire",
    "description": "Chant and bestow strength and speed to both you and your allies.",
    "badges": [
        {
            "type": "origins:tooltip",
            "text": "Lasts 30 seconds, 3 minute cooldown.",
            "sprite": "origins:textures/gui/badge/info.png"
        }
    ],
    "type": "origins:active_self",
    "entity_action": {
        "type": "origins:and",
        "actions": [
            {
                "type": "origins:execute_command",
                "command": "/effect give @a[distance=0..12] minecraft:strength 30"
            },
            {
                "type": "origins:execute_command",
                "command": "/effect give @a[distance=0..12] minecraft:speed 30"
            },
            {
                "type": "origins:spawn_particles",
                "particle": "minecraft:happy_villager",
                "count": 50,
                "speed": 1,
                "spread": {
                    "x": 8,
                    "y": 0.25,
                    "z": 8
                },
                "offset_y": 1
            },
            {
                "type": "origins:spawn_particles",
                "particle": "minecraft:wax_off",
                "count": 20,
                "speed": 0.2,
                "spread": {
                    "x": 0.5,
                    "y": 2,
                    "z": 0.5
                },
                "offset_y": 2.5
            }
        ]
    },
    "cooldown": 3600,
    "hud_render": {
        "should_render": true,
        "sprite_location": "origins:textures/gui/resource_bar.png",
        "bar_index": 1
    },
    "key": {
        "key": "key.origins.primary_active"
    }
}