{
    "hidden": true,
    "condition": {
        "type": "origins:resource",
        "resource": "icosahedron_origins:guard/shield_bounce_cd",
        "comparison": "<",
        "compare_to": 20
    },
    "type": "origins:action_over_time",
    "interval": 12,
    "entity_action": {
        "type": "origins:modify_resource",
        "resource": "icosahedron_origins:guard/shield_bounce_cd",
        "modifier": {
            "operation": "addition",
            "value": 1,
            "name": "Shield Bounce Cooling"
        }
    }
}