{
    "name": "§a+ §r§nUnwavering Guard",
    "description": "Holding up a shield slows you down less, and grants some protection to your allies as well.",
    "type": "origins:action_on_item_use",
    "entity_action": {
        "type": "origins:and",
        "actions": [
            {
                "type": "origins:execute_command",
                "command": "/effect give @a[distance=0..5] minecraft:resistance 1"
            },
            {
                "type": "origins:spawn_particles",
                "particle": "minecraft:electric_spark",
                "count": 5,
                "speed": 0.1,
                "spread": {
                    "x": 5,
                    "y": 2,
                    "z": 5
                },
                "offset_y": 1
            }
        ]
    },
    "item_condition": {
        "type": "origins:ingredient",
        "ingredient": [
            {
                "item": "minecraft:shield"
            },
            {
                "tag": "c:shields"
            },
            {
                "tag": "forge:shields"
            },
            {
                "tag": "fabric:shields"
            }
        ]
    },
    "trigger": "during",
    "priority": 0
}