{
    "name": "§a+ §r§nGrapple Vine",
    "description": "Launch yourself towards plants. Very short cooldown, but expends lots of hunger",
    "condition": {
        "type": "origins:raycast",
        "distance": 20,
        "block": true,
        "entity": false,
        "shape_type": "outline",
        "fluid_handling": "any",
        "block_condition": {
            "type": "origins:or",
            "conditions": [
                {
                    "type": "origins:in_tag",
                    "tag": "minecraft:leaves"
                },
                {
                    "type": "origins:in_tag",
                    "tag": "minecraft:moseek"
                },
                {
                    "type": "origins:block",
                    "block": "minecraft:glow_lichen"
                }
            ]
        }
    },
    "type": "origins:active_self",
    "entity_action": {
        "type": "origins:and",
        "actions": [
            {
                "type": "origins:play_sound",
                "sound": "entity.snowball.throw",
                "volume": 1,
                "pitch": 1.2
            },
            {
                "type": "origins:add_velocity",
                "z": 1.5,
                "space": "local",
                "client": true,
                "server": true,
                "set": true
            },
            {
                "type": "origins:add_velocity",
                "y": 0.1,
                "space": "world",
                "client": true,
                "server": true
            },
            {
                "type": "origins:exhaust",
                "amount": 0.6
            }
        ]
    },
    "cooldown": 15,
    "hud_render": {
        "should_render": true,
        "bar_index": 8
    },
    "key": {
        "key": "key.origins.primary_active"
    }
}