{
    "name": "§a+ §r§nPlant Affinity",
    "description": "Increased movement speed near tall grass or flowers.",
    "condition": {
        "type": "origins:block_in_radius",
        "block_condition": {
            "type": "origins:or",
            "conditions": [
                {
                    "type": "origins:in_tag",
                    "tag": "minecraft:flowers"
                },
                {
                    "type": "origins:block",
                    "block": "minecraft:grass"
                },
                {
                    "type": "origins:block",
                    "block": "minecraft:tall_grass"
                }
            ]
        },
        "radius": 2,
        "shape": "cube",
        "comparison": ">=",
        "compare_to": 1
    },
    "type": "origins:conditioned_attribute",
    "modifier": {
        "attribute": "minecraft:generic.movement_speed",
        "operation": "multiply_base",
        "value": 0.1,
        "name": "Plant Affinity Bonus"
    },
    "tick_rate": 20,
    "update_health": true
}