{
    "name": "§a+ §r§nVineshot",
    "description": "Fire a projectile that places vines where it lands",
    "type": "apugli:custom_projectile",
    "cooldown": 20,
    "texture_location": "minecraft:textures/item/vine.png",
    "bientity_action_on_miss": {
        "type": "origins:target_action",
        "action": {
            "type": "origins:and",
            "actions": [
                {
                    "type": "origins:execute_command",
                    "command": "execute unless block ~ ~ ~-1 minecraft:air run setblock ~ ~ ~ minecraft:vine[north=true] keep"
                },
                {
                    "type": "origins:execute_command",
                    "command": "execute unless block ~ ~ ~-1 minecraft:air run setblock ~ ~ ~ minecraft:vine[south=true] keep"
                },
                {
                    "type": "origins:execute_command",
                    "command": "execute unless block ~ ~1 ~ minecraft:air run setblock ~ ~ ~ minecraft:vine[up=true] keep"
                },
                {
                    "type": "origins:execute_command",
                    "command": "execute unless block ~-1 ~ ~ minecraft:air run setblock ~ ~ ~ minecraft:vine[west=true] keep"
                },
                {
                    "type": "origins:execute_command",
                    "command": "execute unless block ~1 ~ ~ minecraft:air run setblock ~ ~ ~ minecraft:vine[east=true] keep"
                }
            ]
        }
    },
    "block_action_on_hit": {
        "type": "origins:bonemeal"
    },
    "key": {
        "key": "key.origins.primary_active"
    }
}