{
    "name": "§a+ §r§nRadiant Projectile",
    "description": "Projectiles mark nearby entities",
    "type": "apugli:projectile_action_over_time",
    "interval": 1,
    "bientity_action": {
        "type": "origins:target_action",
        "action": {
            "type": "origins:area_of_effect",
            "radius": 16,
            "bientity_action": {
                "type": "origins:and",
                "actions": [
                    {
                        "type": "origins:target_action",
                        "action": {
                            "type": "origins:apply_effect",
                            "effect": {
                                "effect": "minecraft:glowing",
                                "duration": 60,
                                "amplifier": 0
                            }
                        }
                    }
                ]
            },
            "bientity_condition": {
                "type": "origins:and",
                "conditions": [
                    {
                        "type": "origins:can_see"
                    },
                    {
                        "inverted": true,
                        "type": "origins:undirected",
                        "condition": {
                            "type": "apugli:owner"
                        }
                    }
                ]
            }
        }
    }
}