{
    "hidden": true,
    "condition": {
        "type": "origins:and",
        "conditions": [
            {
                "type": "origins:fluid_height",
                "fluid": "minecraft:water",
                "comparison": ">=",
                "compare_to": 0.1
            },
            {
                "type": "origins:fluid_height",
                "fluid": "minecraft:water",
                "comparison": "<=",
                "compare_to": 0.5
            },
            {
                "type": "origins:moving"
            }
        ]
    },
    "type": "origins:particle",
    "particle": "minecraft:cloud",
    "frequency": 2,
    "count": 1,
    "speed": 0,
    "spread": {
        "x": 0.25,
        "y": 0,
        "z": 0.25
    },
    "offset_y": 0.75,
    "visible_in_first_person": true
}