{
    "name": "§a+ §r§nDolphin Leap",
    "description": "Swimming up out of water launches you high in the air.",
    "condition": {
        "type": "origins:and",
        "conditions": [
            {
                "inverted": true,
                "type": "origins:submerged_in",
                "fluid": "minecraft:water"
            },
            {
                "type": "origins:resource",
                "resource": "icosahedron_origins:seaborn/water_jump_resource",
                "comparison": ">=",
                "compare_to": 1
            }
        ]
    },
    "type": "origins:action_over_time",
    "interval": 1,
    "rising_action": {
        "type": "origins:and",
        "actions": [
            {
                "type": "origins:apply_effect",
                "effect": {
                    "effect": "minecraft:levitation",
                    "duration": 6,
                    "amplifier": 20,
                    "is_ambient": true,
                    "show_particles": false,
                    "show_icon": false
                }
            },
            {
                "type": "origins:set_resource",
                "resource": "icosahedron_origins:seaborn/water_jump_resource",
                "value": 0
            }
        ]
    }
}