{
    "name": "§a+ §r§nSparkling Arrow",
    "description": "Fire an arrow at an entity to spend a dusk charge and cause an explosion.",
    "condition": {
        "type": "origins:and",
        "conditions": [
            {
                "type": "origins:and",
                "conditions": [
                    {
                        "type": "origins:resource",
                        "resource": "icosahedron_origins:gator/dusk_resource",
                        "comparison": ">=",
                        "compare_to": 1
                    },
                    {
                        "type": "origins:power_active",
                        "power": "icosahedron_origins:gator/dusk_toggle"
                    }
                ]
            }
        ]
    },
    "type": "origins:modify_projectile_damage",
    "self_action": {
        "type": "origins:and",
        "actions": [
            {
                "type": "origins:change_resource",
                "resource": "icosahedron_origins:gator/dusk_resource",
                "change": 1,
                "operation": "add"
            },
            {
                "type": "origins:change_resource",
                "resource": "icosahedron_origins:gator/dusk_resource_off",
                "change": 1,
                "operation": "add"
            }
        ]
    },
    "target_action": {
        "type": "origins:and",
        "actions": [
            {
                "type": "origins:spawn_particles",
                "particle": "minecraft:wax_on",
                "count": 80,
                "spread": {
                    "x": 6,
                    "y": 6,
                    "z": 6
                }
            },
            {
                "type": "origins:spawn_particles",
                "particle": "minecraft:cloud",
                "count": 15,
                "speed": 0.5,
                "spread": {
                    "x": 2,
                    "y": 2,
                    "z": 2
                }
            },
            {
                "type": "origins:area_of_effect",
                "radius": 6,
                "bientity_action": {
                    "type": "origins:target_action",
                    "action": {
                        "type": "origins:and",
                        "actions": [
                            {
                                "type": "origins:damage",
                                "amount": 5,
                                "damage_type": "minecraft:magic"
                            },
                            {
                                "type": "origins:apply_effect",
                                "effect": {
                                    "effect": "minecraft:slowness",
                                    "duration": 100,
                                    "amplifier": 2,
                                    "show_particles": true,
                                    "show_icon": true
                                }
                            }
                        ]
                    }
                }
            },
            {
                "type": "origins:damage",
                "amount": 3,
                "damage_type": "minecraft:magic"
            },
            {
                "type": "origins:apply_effect",
                "effect": {
                    "effect": "minecraft:slowness",
                    "duration": 200,
                    "amplifier": 2,
                    "show_particles": true,
                    "show_icon": true
                }
            }
        ]
    }
}