{
    "name": "§a+ §r§nA Spark at Dusk",
    "description": "Killing enemies charges a bar...",
    "badges": [
        {
            "type": "origins:tooltip",
            "text": "Maximum 7 charges",
            "sprite": "origins:textures/gui/badge/info.png"
        }
    ],
    "type": "origins:self_action_on_kill",
    "entity_action": {
        "type": "origins:and",
        "actions": [
            {
                "type": "origins:change_resource",
                "resource": "icosahedron_origins:gator/dusk_resource",
                "change": 1,
                "operation": "add"
            },
            {
                "type": "origins:change_resource",
                "resource": "icosahedron_origins:gator/dusk_resource_off",
                "change": 1,
                "operation": "add"
            },
            {
                "type": "origins:spawn_particles",
                "particle": "minecraft:flame",
                "count": 20,
                "speed": 0.1,
                "spread": {
                    "x": 0.5,
                    "y": 2,
                    "z": 0.5
                },
                "offset_y": 1.5
            }
        ]
    },
    "cooldown": 1
}