{
    "name": "§a+ §r§nRally",
    "description": "Melee attack damage is boosted right after taking damage",
    "condition": {
        "type": "origins:resource",
        "resource": "icosahedron_origins:gator/rally_resource",
        "comparison": ">=",
        "compare_to": 1
    },
    "type": "origins:modify_damage_dealt",
    "bientity_condition": {
        "type": "origins:distance",
        "comparison": "<=",
        "compare_to": 5
    },
    "modifier": {
        "operation": "multiply_base",
        "value": 0.3,
        "name": "Rally Bonus"
    }
}