{
    "name": "§c- §r§nSolar Radiation",
    "description": "Standing out in the sun for too long hurts you greatly. Short periods of time are fine.",
    "condition": {
        "type": "origins:resource",
        "resource": "icosahedron_origins:gator/the_sun_resource",
        "comparison": ">=",
        "compare_to": 20
    },
    "type": "origins:damage_over_time",
    "interval": 20,
    "damage": 2,
    "damage_source": {
        "name": "genericDamageOverTime",
        "bypasses_armor": true,
        "fire": true,
        "unblockable": true
    },
    "protection_effectiveness": 1
}