{
    "name": "§a+ §r§nCover of Darkness",
    "description": "Increased defense in darkness",
    "condition": {
        "type": "origins:brightness",
        "comparison": "<",
        "compare_to": 0.25
    },
    "type": "origins:stacking_status_effect",
    "min_stacks": 0,
    "max_stacks": 1,
    "duration_per_stack": 25,
    "tick_rate": 20,
    "effect": {
        "effect": "minecraft:resistance",
        "duration": 100,
        "amplifier": 0,
        "show_particles": true,
        "show_icon": true
    }
}