{
    "name": "§a+ §r§nShield Bubble",
    "description": "Grants nearly full invincibility for a short time, but consumes lots of hunger to do so.",
    "badges": [
        {
            "type": "origins:tooltip",
            "text": "Lasts 20 seconds, duration decreased when taking damage, 1.5 minute cooldown",
            "sprite": "origins:textures/gui/badge/info.png"
        },
        {
            "type": "origins:tooltip",
            "text": "Evades fire and water damage without penalty",
            "sprite": "origins:textures/gui/badge/info.png"
        }
    ],
    "type": "origins:active_self",
    "entity_action": {
        "type": "origins:set_resource",
        "resource": "icosahedron_origins:mecha/shield/duration",
        "value": 20
    },
    "cooldown": 1800,
    "hud_render": {
        "should_render": true,
        "sprite_location": "origins:textures/gui/community/spiderkolo/resource_bar_01.png",
        "bar_index": 9,
        "condition": {
            "type": "origins:resource",
            "resource": "icosahedron_origins:mecha/shield/activate",
            "comparison": "<",
            "compare_to": 1780
        }
    },
    "key": {
        "key": "key.origins.primary_active"
    }
}