{
    "hidden": true,
    "type": "origins:resource",
    "min": 0,
    "max": 20,
    "start_value": 0,
    "hud_render": {
        "should_render": true,
        "sprite_location": "origins:textures/gui/community/spiderkolo/resource_bar_02.png"
    },
    "min_action": {
        "type": "origins:and",
        "actions": [
            {
                "type": "origins:set_resource",
                "resource": "icosahedron_origins:mecha/shield/glow_res",
                "value": 0
            },
            {
                "type": "origins:set_resource",
                "resource": "icosahedron_origins:mecha/shield/activate",
                "value": 1779
            }
        ]
    }
}