{
    "hidden": true,
    "condition": {
        "type": "origins:resource",
        "resource": "icosahedron_origins:mecha/shield/duration",
        "comparison": ">",
        "compare_to": 0
    },
    "type": "origins:action_over_time",
    "interval": 20,
    "entity_action": {
        "type": "origins:and",
        "actions": [
            {
                "type": "origins:change_resource",
                "resource": "icosahedron_origins:mecha/shield/duration",
                "change": -1,
                "operation": "add"
            },
            {
                "type": "origins:exhaust",
                "amount": 0.1
            },
            {
                "type": "origins:set_resource",
                "resource": "icosahedron_origins:mecha/shield/activate",
                "value": 1800
            }
        ]
    }
}