{
    "hidden": true,
    "condition": {
        "type": "origins:resource",
        "resource": "icosahedron_origins:mecha/shield/duration",
        "comparison": ">",
        "compare_to": 0
    },
    "type": "origins:stacking_status_effect",
    "min_stacks": 0,
    "max_stacks": 1,
    "duration_per_stack": 8,
    "tick_rate": 5,
    "effect": {
        "effect": "minecraft:fire_resistance",
        "duration": 12,
        "amplifier": 0,
        "is_ambient": true,
        "show_particles": false,
        "show_icon": true
    }
}