{
    "hidden": true,
    "condition": {
        "type": "origins:resource",
        "resource": "icosahedron_origins:mecha/shield/duration",
        "comparison": ">",
        "compare_to": 0
    },
    "type": "origins:modify_damage_taken",
    "damage_condition": {
        "type": "origins:and",
        "conditions": [
            {
                "type": "origins:amount",
                "comparison": ">",
                "compare_to": 0.2
            },
            {
                "inverted": true,
                "type": "origins:in_tag",
                "tag": "minecraft:is_fire"
            },
            {
                "inverted": true,
                "type": "origins:name",
                "name": "minecraft:in_wall"
            }
        ]
    },
    "modifier": {
        "operation": "multiply_total",
        "value": -0.99,
        "name": "Mecha Shield"
    },
    "self_action": {
        "type": "origins:and",
        "actions": [
            {
                "type": "origins:change_resource",
                "resource": "icosahedron_origins:mecha/shield/duration",
                "change": -2,
                "operation": "add"
            },
            {
                "type": "origins:exhaust",
                "amount": 0.6
            },
            {
                "type": "origins:spawn_particles",
                "particle": "minecraft:electric_spark",
                "count": 10,
                "speed": 0.1,
                "spread": {
                    "x": 0.25,
                    "y": 0.9,
                    "z": 0.25
                },
                "offset_y": 0.9
            }
        ]
    },
    "damage_armor_condition": {
        "type": "origins:constant",
        "value": false
    }
}