{
    "name": "§7o §r§nPass the torch",
    "description": "Others on fire can click you to transfer the fire to you.",
    "type": "origins:action_on_being_used",
    "bientity_action": {
        "type": "origins:and",
        "actions": [
            {
                "type": "origins:target_action",
                "action": {
                    "type": "origins:extinguish"
                }
            },
            {
                "type": "origins:actor_action",
                "action": {
                    "type": "origins:set_on_fire",
                    "duration": 2
                }
            }
        ]
    },
    "bientity_condition": {
        "type": "origins:actor_condition",
        "condition": {
            "type": "origins:on_fire"
        }
    },
    "action_result": "success",
    "priority": 0
}