{
    "name": "§a+ §r§nEmbers",
    "description": "Fire only hurts half as much.",
    "badges": [
        {
            "type": "origins:tooltip",
            "text": "Your armour takes no damage from fire.",
            "sprite": "origins:textures/gui/badge/info.png"
        }
    ],
    "hidden": true,
    "type": "origins:modify_damage_taken",
    "damage_condition": {
        "type": "origins:fire"
    },
    "modifier": {
        "operation": "multiply_base",
        "value": -0.5,
        "name": "Embers Bonus"
    },
    "damage_armor_condition": {
        "type": "origins:constant",
        "value": false
    }
}