{
    "hidden": true,
    "condition": {
        "type": "origins:resource",
        "resource": "icosahedron_origins:guard/buckle_resource",
        "comparison": ">=",
        "compare_to": 1
    },
    "type": "origins:stacking_status_effect",
    "min_stacks": 0,
    "max_stacks": 1,
    "duration_per_stack": 15,
    "tick_rate": 10,
    "effect": {
        "effect": "minecraft:slowness",
        "duration": 15,
        "amplifier": 0,
        "show_particles": true,
        "show_icon": true
    }
}