{
    "name": "§a+ §r§nUnwavering Guard",
    "description": "Holding up a shield slows you down less, and grants some protection to your allies as well.",
    "type": "origins:action_on_item_use",
    "entity_action": {
        "type": "origins:and",
        "actions": [
            {
                "type": "origins:execute_command",
                "command": "/effect give @a[distance=0..5] minecraft:resistance 1"
            }
        ]
    },
    "item_condition": {
        "type": "origins:ingredient",
        "ingredient": {
            "item": "minecraft:shield"
        }
    },
    "trigger": "during",
    "priority": 0
}