{
    "hidden": true,
    "condition": {
        "type": "origins:resource",
        "resource": "icosahedron_origins:guard/shield_land_resource",
        "comparison": ">",
        "compare_to": 1
    },
    "type": "origins:action_on_land",
    "entity_action": {
        "type": "origins:and",
        "actions": [
            {
                "type": "origins:spawn_particles",
                "particle": "minecraft:campfire_cosy_smoke",
                "count": 40,
                "speed": 1,
                "spread": {
                    "x": 6,
                    "y": 0.2,
                    "z": 6
                },
                "offset_y": 0.1
            },
            {
                "type": "origins:set_resource",
                "resource": "icosahedron_origins:guard/shield_land_resource",
                "value": 0
            },
            {
                "type": "origins:area_of_effect",
                "radius": 6,
                "bientity_action": {
                    "type": "origins:and",
                    "actions": [
                        {
                            "type": "origins:damage",
                            "amount": 6,
                            "damage_type": "minecraft:fall"
                        },
                        {
                            "type": "origins:add_velocity",
                            "y": 0.5,
                            "z": 2.5,
                            "client": true,
                            "server": true
                        }
                    ]
                }
            },
            {
                "type": "origins:play_sound",
                "sound": "minecraft:block.anvil.land",
                "volume": 1,
                "pitch": 0.8
            }
        ]
    }
}