{
    "name": "§a+ §r§nShield Bounce",
    "description": "Raising your shield on a block bounces you back. Upon landing, nearby entities are damaged and launched.",
    "condition": {
        "type": "origins:and",
        "conditions": [
            {
                "type": "origins:raycast",
                "distance": 3,
                "block": true,
                "entity": false,
                "shape_type": "collider",
                "fluid_handling": "none"
            },
            {
                "type": "origins:resource",
                "resource": "icosahedron_origins:guard/shield_bounce_cd",
                "comparison": ">=",
                "compare_to": 10
            },
            {
                "type": "origins:sneaking"
            }
        ]
    },
    "type": "origins:action_on_item_use",
    "entity_action": {
        "type": "origins:and",
        "actions": [
            {
                "type": "origins:change_resource",
                "resource": "icosahedron_origins:guard/shield_bounce_cd",
                "change": -10,
                "operation": "add"
            },
            {
                "type": "origins:add_velocity",
                "y": -0.25,
                "z": -1.25,
                "space": "local",
                "client": true,
                "server": true,
                "set": true
            },
            {
                "type": "origins:spawn_particles",
                "particle": "minecraft:wax_off",
                "count": 10,
                "speed": 0.2,
                "spread": {
                    "x": 0.25,
                    "y": 0.25,
                    "z": 0.25
                },
                "offset_y": 1
            },
            {
                "type": "origins:play_sound",
                "sound": "minecraft:item.axe.scrape",
                "volume": 1,
                "pitch": 1.5
            },
            {
                "type": "origins:change_resource",
                "resource": "icosahedron_origins:guard/shield_land_resource",
                "change": 2,
                "operation": "set"
            }
        ]
    },
    "item_action": {
        "type": "origins:damage",
        "amount": 1
    },
    "item_condition": {
        "type": "origins:ingredient",
        "ingredient": {
            "item": "minecraft:shield"
        }
    },
    "trigger": "start",
    "priority": 0
}