{
    "name": "§c- §r§nCombo",
    "description": "Take more damage right after taking damage (stacks up to 3 times)",
    "type": "origins:multiple",
    "resource": {
        "type": "origins:resource",
        "min": 0,
        "max": 7,
        "hud_render": {
            "should_render": true,
            "sprite_location": "origins:textures/gui/community/spiderkolo/resource_bar_points_01.png"
        }
    },
    "increase": {
        "condition": {
            "type": "origins:resource",
            "resource": "icosahedron_origins:haul/combo_resource",
            "comparison": "<",
            "compare_to": 3
        },
        "type": "origins:self_action_when_hit",
        "entity_action": {
            "type": "origins:change_resource",
            "resource": "icosahedron_origins:haul/combo_resource",
            "change": 1,
            "operation": "add"
        },
        "cooldown": 1
    },
    "decrease": {
        "condition": {
            "type": "origins:resource",
            "resource": "icosahedron_origins:haul/combo_resource",
            "comparison": "!=",
            "compare_to": 0
        },
        "type": "origins:action_over_time",
        "interval": 80,
        "entity_action": {
            "type": "origins:change_resource",
            "resource": "icosahedron_origins:haul/combo_resource",
            "change": -1,
            "operation": "add"
        },
        "rising_action": {
            "type": "origins:change_resource",
            "resource": "icosahedron_origins:haul/combo_resource",
            "change": 1,
            "operation": "add"
        }
    },
    "damage_1": {
        "condition": {
            "type": "origins:resource",
            "resource": "icosahedron_origins:haul/combo_resource",
            "comparison": "==",
            "compare_to": 1
        },
        "type": "origins:modify_damage_taken",
        "modifier": {
            "operation": "multiply_total",
            "value": 0.2,
            "name": "Combo 1"
        }
    },
    "damage_2": {
        "condition": {
            "type": "origins:resource",
            "resource": "icosahedron_origins:haul/combo_resource",
            "comparison": "==",
            "compare_to": 2
        },
        "type": "origins:modify_damage_taken",
        "modifier": {
            "operation": "multiply_total",
            "value": 0.4,
            "name": "Combo 2"
        }
    },
    "damage_3": {
        "condition": {
            "type": "origins:resource",
            "resource": "icosahedron_origins:haul/combo_resource",
            "comparison": "==",
            "compare_to": 3
        },
        "type": "origins:modify_damage_taken",
        "modifier": {
            "operation": "multiply_total",
            "value": 0.6,
            "name": "Combo 3"
        }
    },
    "reset": {
        "type": "origins:action_on_callback",
        "entity_action_chosen": {
            "type": "origins:set_resource",
            "resource": "icosahedron_origins:haul/combo_resource",
            "value": 0
        },
        "execute_chosen_when_orb": true,
        "entity_action_respawned": {
            "type": "origins:set_resource",
            "resource": "icosahedron_origins:haul/combo_resource",
            "value": 0
        }
    }
}