{
    "1": {
        "condition": {
            "type": "origins:and",
            "conditions": [
                {
                    "inverted": true,
                    "type": "origins:or",
                    "conditions": [
                        {
                            "type": "origins:equipped_item",
                            "equipment_slot": "mainhand",
                            "item_condition": {
                                "type": "origins:ingredient",
                                "ingredient": {
                                    "item": "minecraft:torch"
                                }
                            }
                        },
                        {
                            "type": "origins:equipped_item",
                            "equipment_slot": "offhand",
                            "item_condition": {
                                "type": "origins:ingredient",
                                "ingredient": {
                                    "item": "minecraft:torch"
                                }
                            }
                        }
                    ]
                },
                {
                    "type": "origins:brightness",
                    "comparison": "<",
                    "compare_to": 0.4
                },
                {
                    "inverted": true,
                    "type": "origins:status_effect",
                    "effect": "minecraft:night_vision"
                }
            ]
        },
        "type": "origins:conditioned_attribute",
        "modifier": {
            "attribute": "minecraft:generic.movement_speed",
            "operation": "multiply_total",
            "value": -0.03,
            "name": "Caution"
        },
        "tick_rate": 10,
        "update_health": false
    },
    "2": {
        "condition": {
            "type": "origins:and",
            "conditions": [
                {
                    "type": "origins:brightness",
                    "comparison": "<",
                    "compare_to": 0.3
                },
                {
                    "inverted": true,
                    "type": "origins:status_effect",
                    "effect": "minecraft:night_vision"
                }
            ]
        },
        "type": "origins:conditioned_attribute",
        "modifier": {
            "attribute": "minecraft:generic.movement_speed",
            "operation": "multiply_total",
            "value": -0.03,
            "name": "Caution"
        },
        "tick_rate": 10,
        "update_health": false
    },
    "3": {
        "condition": {
            "type": "origins:and",
            "conditions": [
                {
                    "inverted": true,
                    "type": "origins:or",
                    "conditions": [
                        {
                            "type": "origins:equipped_item",
                            "equipment_slot": "mainhand",
                            "item_condition": {
                                "type": "origins:ingredient",
                                "ingredient": {
                                    "item": "minecraft:torch"
                                }
                            }
                        },
                        {
                            "type": "origins:equipped_item",
                            "equipment_slot": "offhand",
                            "item_condition": {
                                "type": "origins:ingredient",
                                "ingredient": {
                                    "item": "minecraft:torch"
                                }
                            }
                        }
                    ]
                },
                {
                    "type": "origins:brightness",
                    "comparison": "<",
                    "compare_to": 0.2
                },
                {
                    "inverted": true,
                    "type": "origins:status_effect",
                    "effect": "minecraft:night_vision"
                }
            ]
        },
        "type": "origins:conditioned_attribute",
        "modifier": {
            "attribute": "minecraft:generic.movement_speed",
            "operation": "multiply_total",
            "value": -0.03,
            "name": "Caution"
        },
        "tick_rate": 10,
        "update_health": false
    },
    "4": {
        "condition": {
            "type": "origins:and",
            "conditions": [
                {
                    "type": "origins:brightness",
                    "comparison": "<",
                    "compare_to": 0.1
                },
                {
                    "inverted": true,
                    "type": "origins:status_effect",
                    "effect": "minecraft:night_vision"
                }
            ]
        },
        "type": "origins:conditioned_attribute",
        "modifier": {
            "attribute": "minecraft:generic.movement_speed",
            "operation": "multiply_total",
            "value": -0.03,
            "name": "Caution"
        },
        "tick_rate": 10,
        "update_health": false
    },
    "name": "§c- §r§nCaution",
    "description": "Move slower in darkness. Holding a torch reduces the effect.",
    "type": "origins:multiple"
}