{
    "name": "§a+ §r§nPatching",
    "description": "Natrually regenerate slightly faster. Always regenerate slowly until starving.",
    "condition": {
        "type": "origins:and",
        "conditions": [
            {
                "type": "origins:food_level",
                "comparison": ">",
                "compare_to": 0
            },
            {
                "type": "origins:relative_health",
                "comparison": "<",
                "compare_to": 1
            }
        ]
    },
    "type": "origins:action_over_time",
    "interval": 700,
    "entity_action": {
        "type": "origins:and",
        "actions": [
            {
                "type": "origins:heal",
                "amount": 1
            },
            {
                "type": "origins:exhaust",
                "amount": 6
            }
        ]
    }
}