{
    "name": "§a+ §r§nVine Whip",
    "description": "Launch yourself towards plants, or entities towards you. Sneak to bonemeal at short range. Very short cooldown, but expends lots of hunger",
    "type": "origins:multiple",
    "activate": {
        "condition": {
            "type": "origins:resource",
            "resource": "icosahedron_origins:plant/grapplevine_resource",
            "comparison": ">=",
            "compare_to": 10
        },
        "type": "origins:active_self",
        "entity_action": {
            "type": "origins:and",
            "actions": [
                {
                    "type": "origins:if_else_list",
                    "actions": [
                        {
                            "condition": {
                                "type": "origins:sneaking"
                            },
                            "action": {
                                "type": "origins:raycast",
                                "distance": 5,
                                "block": true,
                                "entity": false,
                                "shape_type": "outline",
                                "fluid_handling": "any",
                                "block_action": {
                                    "type": "origins:bonemeal",
                                    "effects": true
                                },
                                "hit_action": {
                                    "type": "origins:and",
                                    "actions": [
                                        {
                                            "type": "origins:change_resource",
                                            "resource": "icosahedron_origins:plant/grapplevine_resource",
                                            "change": -10,
                                            "operation": "add"
                                        },
                                        {
                                            "type": "origins:exhaust",
                                            "amount": 1
                                        },
                                        {
                                            "type": "origins:play_sound",
                                            "sound": "entity.snowball.throw",
                                            "volume": 1,
                                            "pitch": 1.2
                                        }
                                    ]
                                }
                            }
                        },
                        {
                            "condition": {
                                "type": "origins:raycast",
                                "distance": 20,
                                "block": true,
                                "entity": true,
                                "shape_type": "outline",
                                "fluid_handling": "any",
                                "hit_bientity_condition": {
                                    "type": "origins:target_condition",
                                    "condition": {
                                        "type": "origins:exists"
                                    }
                                },
                                "block_condition": {
                                    "type": "origins:constant",
                                    "value": false
                                }
                            },
                            "action": {
                                "type": "origins:raycast",
                                "distance": 20,
                                "block": true,
                                "entity": true,
                                "shape_type": "outline",
                                "fluid_handling": "any",
                                "bientity_action": {
                                    "type": "origins:and",
                                    "actions": [
                                        {
                                            "type": "origins:add_velocity",
                                            "y": 0.25,
                                            "z": -1.9,
                                            "client": true,
                                            "server": true
                                        },
                                        {
                                            "type": "origins:target_action",
                                            "action": {
                                                "type": "origins:apply_effect",
                                                "effect": {
                                                    "effect": "minecraft:slowness",
                                                    "duration": 20,
                                                    "amplifier": 3,
                                                    "show_particles": true,
                                                    "show_icon": true
                                                }
                                            }
                                        },
                                        {
                                            "type": "origins:actor_action",
                                            "action": {
                                                "type": "origins:and",
                                                "actions": [
                                                    {
                                                        "type": "origins:exhaust",
                                                        "amount": 1
                                                    },
                                                    {
                                                        "type": "origins:change_resource",
                                                        "resource": "icosahedron_origins:plant/grapplevine_resource",
                                                        "change": -10,
                                                        "operation": "add"
                                                    },
                                                    {
                                                        "type": "origins:play_sound",
                                                        "sound": "entity.snowball.throw",
                                                        "volume": 1,
                                                        "pitch": 1.2
                                                    }
                                                ]
                                            }
                                        }
                                    ]
                                }
                            }
                        },
                        {
                            "condition": {
                                "type": "origins:raycast",
                                "distance": 20,
                                "block": true,
                                "entity": false,
                                "shape_type": "outline",
                                "fluid_handling": "any",
                                "block_condition": {
                                    "type": "origins:or",
                                    "conditions": [
                                        {
                                            "type": "origins:in_tag",
                                            "tag": "minecraft:leaves"
                                        },
                                        {
                                            "type": "origins:in_tag",
                                            "tag": "forge:plant"
                                        }
                                    ]
                                }
                            },
                            "action": {
                                "type": "origins:and",
                                "actions": [
                                    {
                                        "type": "origins:add_velocity",
                                        "z": 1.7,
                                        "space": "local",
                                        "client": true,
                                        "server": true,
                                        "set": true
                                    },
                                    {
                                        "type": "origins:add_velocity",
                                        "y": 0.15,
                                        "space": "world",
                                        "client": true,
                                        "server": true
                                    },
                                    {
                                        "type": "origins:exhaust",
                                        "amount": 1
                                    },
                                    {
                                        "type": "origins:change_resource",
                                        "resource": "icosahedron_origins:plant/grapplevine_resource",
                                        "change": -10,
                                        "operation": "add"
                                    },
                                    {
                                        "type": "origins:play_sound",
                                        "sound": "entity.snowball.throw",
                                        "volume": 1,
                                        "pitch": 1.2
                                    }
                                ]
                            }
                        },
                        {
                            "condition": {
                                "type": "origins:constant",
                                "value": true
                            },
                            "action": {
                                "type": "origins:set_resource",
                                "resource": "icosahedron_origins:plant/grapplevine",
                                "value": 0
                            }
                        }
                    ]
                }
            ]
        },
        "cooldown": 5,
        "key": {
            "key": "key.origins.primary_active"
        }
    },
    "resource": {
        "type": "origins:resource",
        "min": 0,
        "max": 70,
        "start_value": 50,
        "hud_render": {
            "should_render": true,
            "sprite_location": "origins:textures/gui/community/spiderkolo/resource_bar_points_01.png",
            "bar_index": 16
        }
    },
    "increment": {
        "condition": {
            "type": "origins:and",
            "conditions": [
                {
                    "type": "origins:resource",
                    "resource": "icosahedron_origins:plant/grapplevine_resource",
                    "comparison": "<",
                    "compare_to": 50
                },
                {
                    "type": "origins:food_level",
                    "comparison": ">",
                    "compare_to": 5
                }
            ]
        },
        "type": "origins:action_over_time",
        "interval": 8,
        "entity_action": {
            "type": "origins:and",
            "actions": [
                {
                    "type": "origins:exhaust",
                    "amount": 0.05
                },
                {
                    "type": "origins:change_resource",
                    "resource": "icosahedron_origins:plant/grapplevine_resource",
                    "change": 1,
                    "operation": "add"
                }
            ]
        }
    }
}