{
    "name": "§7o §r§nPhotosynthsis",
    "description": "Standing in the sun reduces hunger consumption, but darkness increases.",
    "type": "origins:multiple",
    "bonus": {
        "condition": {
            "type": "origins:exposed_to_sun"
        },
        "type": "origins:modify_exhaustion",
        "modifier": {
            "operation": "multiply_base_multiplicative",
            "value": -0.2,
            "name": "Photosynthsis bonus"
        }
    },
    "penalty": {
        "condition": {
            "type": "origins:and",
            "conditions": [
                {
                    "inverted": true,
                    "type": "origins:dimension",
                    "dimension": "minecraft:nether"
                },
                {
                    "type": "origins:brightness",
                    "comparison": "<",
                    "compare_to": 0.5
                }
            ]
        },
        "type": "origins:modify_exhaustion",
        "modifier": {
            "operation": "multiply_base_multiplicative",
            "value": 0.4,
            "name": "Photosynthsis penalty"
        }
    }
}