{
    "name": "§a+ §r§nWebbed Feet",
    "description": "Move and swim faster in water. Take less fall damage.",
    "type": "origins:multiple",
    "movement": {
        "condition": {
            "type": "origins:fluid_height",
            "fluid": "minecraft:water",
            "comparison": ">=",
            "compare_to": 0.1
        },
        "type": "origins:conditioned_attribute",
        "modifier": {
            "attribute": "minecraft:generic.movement_speed",
            "operation": "multiply_total",
            "value": 1.2,
            "name": "Webbed Feet Bonus"
        },
        "tick_rate": 10,
        "update_health": false
    },
    "fall": {
        "type": "origins:modify_damage_taken",
        "damage_condition": {
            "type": "origins:name",
            "name": "fall"
        },
        "modifier": {
            "operation": "multiply_total",
            "value": -0.7,
            "name": "Webbed Feet Bonus"
        }
    }
}