{
    "name": "§a+ §r§nSanguine",
    "description": "Feed on blooded creatures to fill blood meter. While filled, heal quickly and exhaust slowly. When empty, heal very slow and exhaust quickly.",
    "type": "origins:multiple",
    "resource": {
        "type": "origins:resource",
        "min": 0,
        "max": 105,
        "start_value": 105,
        "hud_render": {
            "should_render": true,
            "sprite_location": "origins:textures/gui/community/spiderkolo/resource_bar_01.png",
            "bar_index": 5
        }
    },
    "feed": {
        "condition": {
            "type": "origins:raycast",
            "distance": 3,
            "block": true,
            "entity": true,
            "shape_type": "outline",
            "fluid_handling": "none",
            "hit_bientity_condition": {
                "type": "origins:target_condition",
                "condition": {
                    "type": "origins:and",
                    "conditions": [
                        {
                            "type": "origins:in_tag",
                            "tag": "minecraft:undead",
                            "inverted": true
                        },
                        {
                            "type": "origins:living"
                        }
                    ]
                }
            }
        },
        "type": "origins:active_self",
        "entity_action": {
            "type": "origins:raycast",
            "distance": 3,
            "block": true,
            "entity": true,
            "shape_type": "outline",
            "fluid_handling": "none",
            "bientity_condition": {
                "type": "origins:target_condition",
                "condition": {
                    "type": "origins:and",
                    "conditions": [
                        {
                            "inverted": true,
                            "type": "origins:in_tag",
                            "tag": "minecraft:undead"
                        },
                        {
                            "type": "origins:living"
                        }
                    ]
                }
            },
            "bientity_action": {
                "type": "origins:and",
                "actions": [
                    {
                        "type": "origins:target_action",
                        "action": {
                            "type": "origins:damage",
                            "amount": 1,
                            "damage_type": "minecraft:generic"
                        }
                    },
                    {
                        "type": "origins:actor_action",
                        "action": {
                            "type": "origins:and",
                            "actions": [
                                {
                                    "type": "origins:change_resource",
                                    "resource": "icosahedron_origins:blood/blood_resource",
                                    "change": 10,
                                    "operation": "add"
                                },
                                {
                                    "type": "origins:play_sound",
                                    "sound": "minecraft:entity.generic.drink",
                                    "volume": 1,
                                    "pitch": 0.75
                                },
                                {
                                    "type": "origins:spawn_particles",
                                    "particle": "minecraft:crit",
                                    "count": 15,
                                    "speed": 0.5,
                                    "spread": {
                                        "x": 0.5,
                                        "y": 0.5,
                                        "z": 0.5
                                    },
                                    "offset_y": 1.5
                                },
                                {
                                    "type": "origins:if_else",
                                    "condition": {
                                        "type": "origins:resource",
                                        "resource": "icosahedron_origins:blood/blood_resource",
                                        "comparison": ">=",
                                        "compare_to": 104
                                    },
                                    "if_action": {
                                        "type": "origins:apply_effect",
                                        "effects": [
                                            {
                                                "effect": "minecraft:speed",
                                                "duration": 300,
                                                "amplifier": 0,
                                                "show_particles": true,
                                                "show_icon": true
                                            },
                                            {
                                                "effect": "minecraft:strength",
                                                "duration": 300,
                                                "amplifier": 0,
                                                "show_particles": true,
                                                "show_icon": true
                                            }
                                        ]
                                    }
                                }
                            ]
                        }
                    }
                ]
            }
        },
        "cooldown": 20,
        "key": {
            "key": "key.origins.primary_active"
        }
    },
    "exhaust_less": {
        "condition": {
            "type": "origins:resource",
            "resource": "icosahedron_origins:blood/blood_resource",
            "comparison": ">=",
            "compare_to": 5
        },
        "type": "origins:modify_exhaustion",
        "modifier": {
            "operation": "multiply_total",
            "value": -0.5,
            "name": "Blood Supplement"
        }
    },
    "exhaust_more": {
        "condition": {
            "type": "origins:resource",
            "resource": "icosahedron_origins:blood/blood_resource",
            "comparison": "==",
            "compare_to": 0
        },
        "type": "origins:modify_exhaustion",
        "modifier": {
            "operation": "multiply_total",
            "value": 0.7,
            "name": "Blood No Supplement"
        }
    },
    "lose_run": {
        "condition": {
            "type": "origins:sprinting"
        },
        "type": "origins:action_over_time",
        "interval": 220,
        "entity_action": {
            "type": "origins:change_resource",
            "resource": "icosahedron_origins:blood/blood_resource",
            "change": -1,
            "operation": "add"
        }
    },
    "lose_break": {
        "type": "origins:action_on_block_break",
        "entity_action": {
            "type": "origins:chance",
            "chance": 0.02,
            "action": {
                "type": "origins:change_resource",
                "resource": "icosahedron_origins:blood/blood_resource",
                "change": -1,
                "operation": "add"
            }
        },
        "only_when_harvested": false
    },
    "heal_high": {
        "condition": {
            "type": "origins:and",
            "conditions": [
                {
                    "type": "origins:resource",
                    "resource": "icosahedron_origins:blood/blood_resource",
                    "comparison": ">=",
                    "compare_to": 85
                },
                {
                    "type": "origins:relative_health",
                    "comparison": "<",
                    "compare_to": 1
                }
            ]
        },
        "type": "origins:action_over_time",
        "interval": 20,
        "entity_action": {
            "type": "origins:and",
            "actions": [
                {
                    "type": "origins:change_resource",
                    "resource": "icosahedron_origins:blood/blood_resource",
                    "change": -2,
                    "operation": "add"
                },
                {
                    "type": "origins:heal",
                    "amount": 1
                },
                {
                    "type": "origins:exhaust",
                    "amount": 4
                }
            ]
        }
    },
    "heal_low": {
        "condition": {
            "type": "origins:and",
            "conditions": [
                {
                    "type": "origins:resource",
                    "resource": "icosahedron_origins:blood/blood_resource",
                    "comparison": ">=",
                    "compare_to": 15
                },
                {
                    "type": "origins:relative_health",
                    "comparison": "<",
                    "compare_to": 1
                }
            ]
        },
        "type": "origins:action_over_time",
        "interval": 60,
        "entity_action": {
            "type": "origins:and",
            "actions": [
                {
                    "type": "origins:change_resource",
                    "resource": "icosahedron_origins:blood/blood_resource",
                    "change": -2,
                    "operation": "add"
                },
                {
                    "type": "origins:heal",
                    "amount": 1
                },
                {
                    "type": "origins:exhaust",
                    "amount": 4
                }
            ]
        }
    },
    "heal_hunger": {
        "condition": {
            "type": "origins:and",
            "conditions": [
                {
                    "type": "origins:food_level",
                    "comparison": ">",
                    "compare_to": 18
                },
                {
                    "type": "origins:relative_health",
                    "comparison": "<",
                    "compare_to": 1
                }
            ]
        },
        "type": "origins:action_over_time",
        "interval": 1000,
        "entity_action": {
            "type": "origins:and",
            "actions": [
                {
                    "type": "origins:exhaust",
                    "amount": 6
                },
                {
                    "type": "origins:heal",
                    "amount": 1
                }
            ]
        }
    },
    "reset": {
        "type": "origins:action_on_callback",
        "entity_action_chosen": {
            "type": "origins:set_resource",
            "resource": "icosahedron_origins:blood/blood_resource",
            "value": 105
        },
        "execute_chosen_when_orb": true,
        "entity_action_respawned": {
            "type": "origins:set_resource",
            "resource": "icosahedron_origins:blood/blood_resource",
            "value": 105
        }
    }
}